Workbook

Sheet Merchants
A1: MERCHENT_ID | B1: MERCHEBT_NAME | C1: CATEGORY | D1: REGION
A2: 1 | B2: Merchant_001 | C2: entertainment | D2: West
A3: 2 | B3: Merchant_002 | C3: recharge | D3: South
A4: 3 | B4: Merchant_003 | C4: entertainment | D4: East
A5: 4 | B5: Merchant_004 | C5: grocery | D5: West
A6: 5 | B6: Merchant_005 | C6: food_delivery | D6: West
A7: 6 | B7: Merchant_006 | C7: entertainment | D7: South
A8: 7 | B8: Merchant_007 | C8: bill_payment | D8: South
A9: 8 | B9: Merchant_008 | C9: travel | D9: North
A10: 9 | B10: Merchant_009 | C10: entertainment | D10: West
A11: 10 | B11: Merchant_010 | C11: grocery | D11: East
A12: 11 | B12: Merchant_011 | C12: recharge | D12: West
A13: 12 | B13: Merchant_012 | C13: food_delivery | D13: South
... A41: 40 | B41: Merchant_040 | C41: ecommerce | D41: North

Sheet Transactions
A1: transaction_id | B1: user_id | C1: merchant_id | D1: transaction_time | E1: amount_inr | F1: payment_method | G1: status | H1: risk_score | I1: merchant_name | J1: cetegory | K1: region | L1: mdr_fee_% | M1: classification
A2: TXN100000 | B2: 350 | C2: 16 | D2: 46051.467 | E2: 2999 | F2: Wallet | G2: captured | H2: 85 | I2: =IFERROR(VLOOKUP($C2,Merchants!$A$1:$D$41,2,FALSE),"Merchant not found") -> Merchant_016 | J2: =IFERROR(VLOOKUP($C2,Merchants!$A$1:$D$41,3,FALSE),"Merchant not found") -> entertainment | K2: =IFERROR(VLOOKUP($C2,Merchants!$A$1:$D$41,4,FALSE),"Merchant not found") -> North | L2: =IFERROR(HLOOKUP(F2,Fee_Lookup!$B$1:$E$2,2,FALSE),"Fee not found") -> 1 | M2: =IF(AND(SUMIF(Transactions!$C$2:$C$548,C2,Transactions!$E$2:$E$548)>5000,K2<>"East"),"High-Value Merchant Day","Normal") -> High-Value Merchant Day
A3: TXN100001 | B3: 287 | C3: 27 | D3: 46026.492 | E3: 49 | F3: UPI | G3: captured | H3: 79 | I3: =IFERROR(VLOOKUP($C3,Merchants!$A$1:$D$41,2,FALSE),"Merchant not found") -> Merchant_027 | J3: =IFERROR(VLOOKUP($C3,Merchants!$A$1:$D$41,3,FALSE),"Merchant not found") -> recharge | K3: =IFERROR(VLOOKUP($C3,Merchants!$A$1:$D$41,4,FALSE),"Merchant not found") -> South | L3: =IFERROR(HLOOKUP(F3,Fee_Lookup!$B$1:$E$2,2,FALSE),"Fee not found") -> 0.5 | M3: =IF(AND(SUMIF(Transactions!$C$2:$C$548,C3,Transactions!$E$2:$E$548)>5000,K3<>"East"),"High-Value Merchant Day","Normal") -> High-Value Merchant Day
A4: TXN100002 | B4: 122 | C4: 11 | D4: 46046.208 | E4: 1499 | F4: Wallet | G4: captured | H4: 22 | I4: =IFERROR(VLOOKUP($C4,Merchants!$A$1:$D$41,2,FALSE),"Merchant not found") -> Merchant_011 | J4: =IFERROR(VLOOKUP($C4,Merchants!$A$1:$D$41,3,FALSE),"Merchant not found") -> recharge | K4: =IFERROR(VLOOKUP($C4,Merchants!$A$1:$D$41,4,FALSE),"Merchant not found") -> West | L4: =IFERROR(HLOOKUP(F4,Fee_Lookup!$B$1:$E$2,2,FALSE),"Fee not found") -> 1 | M4: =IF(AND(SUMIF(Transactions!$C$2:$C$548,C4,Transactions!$E$2:$E$548)>5000,K4<>"East"),"High-Value Merchant Day","Normal") -> High-Value Merchant Day
A5: TXN100003 | B5: 92 | C5: 22 | D5: 46051.542 | E5: 49 | F5: Netbanking | G5: captured | H5: 100 | I5: =IFERROR(VLOOKUP($C5,Merchants!$A$1:$D$41,2,FALSE),"Merchant not found") -> Merchant_022 | J5: =IFERROR(VLOOKUP($C5,Merchants!$A$1:$D$41,3,FALSE),"Merchant not found") -> ecommerce | K5: =IFERROR(VLOOKUP($C5,Merchants!$A$1:$D$41,4,FALSE),"Merchant not found") -> West | L5: =IFERROR(HLOOKUP(F5,Fee_Lookup!$B$1:$E$2,2,FALSE),"Fee not found") -> 1.5 | M5: =IF(AND(SUMIF(Transactions!$C$2:$C$548,C5,Transactions!$E$2:$E$548)>5000,K5<>"East"),"High-Value Merchant Day","Normal") -> High-Value Merchant Day
A6: TXN100004 | B6: 343 | C6: 16 | D6: 46052.577 | E6: 99 | F6: UPI | G6: captured | H6: 34 | I6: =IFERROR(VLOOKUP($C6,Merchants!$A$1:$D$41,2,FALSE),"Merchant not found") -> Merchant_016 | J6: =IFERROR(VLOOKUP($C6,Merchants!$A$1:$D$41,3,FALSE),"Merchant not found") -> entertainment | K6: =IFERROR(VLOOKUP($C6,Merchants!$A$1:$D$41,4,FALSE),"Merchant not found") -> North | L6: =IFERROR(HLOOKUP(F6,Fee_Lookup!$B$1:$E$2,2,FALSE),"Fee not found") -> 0.5 | M6: =IF(AND(SUMIF(Transactions!$C$2:$C$548,C6,Transactions!$E$2:$E$548)>5000,K6<>"East"),"High-Value Merchant Day","Normal") -> High-Value Merchant Day
A7: TXN100005 | B7: 196 | C7: 3 | D7: 46028.921 | E7: 99 | F7: UPI | G7: captured | H7: 60 | I7: =IFERROR(VLOOKUP($C7,Merchants!$A$1:$D$41,2,FALSE),"Merchant not found") -> Merchant_003 | J7: =IFERROR(VLOOKUP($C7,Merchants!$A$1:$D$41,3,FALSE),"Merchant not found") -> entertainment | K7: =IFERROR(VLOOKUP($C7,Merchants!$A$1:$D$41,4,FALSE),"Merchant not found") -> East | L7: =IFERROR(HLOOKUP(F7,Fee_Lookup!$B$1:$E$2,2,FALSE),"Fee not found") -> 0.5 | M7: =IF(AND(SUMIF(Transactions!$C$2:$C$548,C7,Transactions!$E$2:$E$548)>5000,K7<>"East"),"High-Value Merchant Day","Normal") -> Normal
A8: TXN100006 | B8: 236 | C8: 23 | D8: 46030.286 | E8: 99 | F8: Wallet | G8: captured | H8: 39 | I8: =IFERROR(VLOOKUP($C8,Merchants!$A$1:$D$41,2,FALSE),"Merchant not found") -> Merchant_023 | J8: =IFERROR(VLOOKUP($C8,Merchants!$A$1:$D$41,3,FALSE),"Merchant not found") -> travel | K8: =IFERROR(VLOOKUP($C8,Merchants!$A$1:$D$41,4,FALSE),"Merchant not found") -> South | L8: =IFERROR(HLOOKUP(F8,Fee_Lookup!$B$1:$E$2,2,FALSE),"Fee not found") -> 1 | M8: =IF(AND(SUMIF(Transactions!$C$2:$C$548,C8,Transactions!$E$2:$E$548)>5000,K8<>"East"),"High-Value Merchant Day","Normal") -> Normal
A9: TXN100007 | B9: 13 | C9: 13 | D9: 46049.301 | E9: 99 | F9: UPI | G9: captured | H9: 51 | I9: =IFERROR(VLOOKUP($C9,Merchants!$A$1:$D$41,2,FALSE),"Merchant not found") -> Merchant_013 | J9: =IFERROR(VLOOKUP($C9,Merchants!$A$1:$D$41,3,FALSE),"Merchant not found") -> ecommerce | K9: =IFERROR(VLOOKUP($C9,Merchants!$A$1:$D$41,4,FALSE),"Merchant not found") -> North | L9: =IFERROR(HLOOKUP(F9,Fee_Lookup!$B$1:$E$2,2,FALSE),"Fee not found") -> 0.5 | M9: =IF(AND(SUMIF(Transactions!$C$2:$C$548,C9,Transactions!$E$2:$E$548)>5000,K9<>"East"),"High-Value Merchant Day","Normal") -> High-Value Merchant Day
A10: TXN100008 | B10: 36 | C10: 18 | D10: 46033.372 | E10: 799 | F10: UPI | G10: captured | H10: 44 | I10: =IFERROR(VLOOKUP($C10,Merchants!$A$1:$D$41,2,FALSE),"Merchant not found") -> Merchant_018 | J10: =IFERROR(VLOOKUP($C10,Merchants!$A$1:$D$41,3,FALSE),"Merchant not found") -> grocery | K10: =IFERROR(VLOOKUP($C10,Merchants!$A$1:$D$41,4,FALSE),"Merchant not found") -> South | L10: =IFERROR(HLOOKUP(F10,Fee_Lookup!$B$1:$E$2,2,FALSE),"Fee not found") -> 0.5 | M10: =IF(AND(SUMIF(Transactions!$C$2:$C$548,C10,Transactions!$E$2:$E$548)>5000,K10<>"East"),"High-Value Merchant Day","Normal") -> High-Value Merchant Day
A11: TXN100009 | B11: 348 | C11: 35 | D11: 46043.684 | E11: 299 | F11: UPI | G11: captured | H11: 42 | I11: =IFERROR(VLOOKUP($C11,Merchants!$A$1:$D$41,2,FALSE),"Merchant not found") -> Merchant_035 | J11: =IFERROR(VLOOKUP($C11,Merchants!$A$1:$D$41,3,FALSE),"Merchant not found") -> food_delivery | K11: =IFERROR(VLOOKUP($C11,Merchants!$A$1:$D$41,4,FALSE),"Merchant not found") -> South | L11: =IFERROR(HLOOKUP(F11,Fee_Lookup!$B$1:$E$2,2,FALSE),"Fee not found") -> 0.5 | M11: =IF(AND(SUMIF(Transactions!$C$2:$C$548,C11,Transactions!$E$2:$E$548)>5000,K11<>"East"),"High-Value Merchant Day","Normal") -> High-Value Merchant Day
A12: TXN100010 | B12: 134 | C12: 12 | D12: 46023.164 | E12: 49 | F12: UPI | G12: captured | H12: 74 | I12: =IFERROR(VLOOKUP($C12,Merchants!$A$1:$D$41,2,FALSE),"Merchant not found") -> Merchant_012 | J12: =IFERROR(VLOOKUP($C12,Merchants!$A$1:$D$41,3,FALSE),"Merchant not found") -> food_delivery | K12: =IFERROR(VLOOKUP($C12,Merchants!$A$1:$D$41,4,FALSE),"Merchant not found") -> South | L12: =IFERROR(HLOOKUP(F12,Fee_Lookup!$B$1:$E$2,2,FALSE),"Fee not found") -> 0.5 | M12: =IF(AND(SUMIF(Transactions!$C$2:$C$548,C12,Transactions!$E$2:$E$548)>5000,K12<>"East"),"High-Value Merchant Day","Normal") -> High-Value Merchant Day
A13: TXN100011 | B13: 306 | C13: 28 | D13: 46031.046 | E13: 2999 | F13: Card | G13: failed | H13: 44 | I13: =IFERROR(VLOOKUP($C13,Merchants!$A$1:$D$41,2,FALSE),"Merchant not found") -> Merchant_028 | J13: =IFERROR(VLOOKUP($C13,Merchants!$A$1:$D$41,3,FALSE),"Merchant not found") -> food_delivery | K13: =IFERROR(VLOOKUP($C13,Merchants!$A$1:$D$41,4,FALSE),"Merchant not found") -> East | L13: =IFERROR(HLOOKUP(F13,Fee_Lookup!$B$1:$E$2,2,FALSE),"Fee not found") -> 1.8 | M13: =IF(AND(SUMIF(Transactions!$C$2:$C$548,C13,Transactions!$E$2:$E$548)>5000,K13<>"East"),"High-Value Merchant Day","Normal") -> Normal
... A548: TXN300031 | B548: 345 | C548: 12 | D548: 46045.377 | E548: 399 | F548: Card | G548: captured | H548: 69 | I548: =IFERROR(VLOOKUP($C548,Merchants!$A$1:$D$41,2,FALSE),"Merchant not found") -> Merchant_012 | J548: =IFERROR(VLOOKUP($C548,Merchants!$A$1:$D$41,3,FALSE),"Merchant not found") -> food_delivery | K548: =IFERROR(VLOOKUP($C548,Merchants!$A$1:$D$41,4,FALSE),"Merchant not found") -> South | L548: =IFERROR(HLOOKUP(F548,Fee_Lookup!$B$1:$E$2,2,FALSE),"Fee not found") -> 1.8 | M548: =IF(AND(SUMIF(Transactions!$C$2:$C$548,C548,Transactions!$E$2:$E$548)>5000,K548<>"East"),"High-Value Merchant Day","Normal") -> High-Value Merchant Day

Sheet Pivot Table 1

Sheet Fee_Lookup
A1: METHOD | B1: UPI | C1: WALLET | D1: CARD | E1: NETBANKING
A2: MDR_FEE_% | B2: 0.5 | C2: 1 | D2: 1.8 | E2: 1.5
